rep_id,calls,proxy_resolution_rate,true_resolution_rate,proxy_true_gap_rate,repeat_30d_rate,repeat_31_60d_rate,escalation_rate,credit_risk_avg,detection_density_avg,rep_drift_avg,outcome_risk_avg,trust_score_avg,gaming_propensity_avg,burnout_avg,aware_gaming_rate,scripted_phrase_rate,resolution_gap,rep_dar
REP00157,481,0.7671517671517671,0.498960498960499,0.3305613305613306,0.19334719334719336,0.1683991683991684,0.18503118503118504,0.07678987181813783,0.019008019008019007,0.0888885654885655,0.27983367983367985,82.88985446985447,0.0,0.4444428274428274,0.0,0.0,0.2682,0.154472
REP00140,538,0.7788104089219331,0.5278810408921933,0.3141263940520446,0.1579925650557621,0.19330855018587362,0.16356877323420074,0.07094814165152051,0.014338821030270843,0.10639855018587362,0.2589219330855018,83.6664312267658,0.0,0.5319927509293679,0.0,0.0,0.2509,0.147971
REP00198,501,0.7624750499001997,0.5409181636726547,0.2994011976047904,0.21157684630738524,0.18762475049900199,0.15568862275449102,0.0788597521670876,0.015112631879098944,0.10473548902195609,0.26826347305389225,83.69922155688623,0.0,0.5236774451097804,0.0,0.0,0.2216,0.13089
REP00145,515,0.7611650485436893,0.5320388349514563,0.2970873786407767,0.21165048543689322,0.16310679611650486,0.12815533980582525,0.07966672119729414,0.015533980582524271,0.11133844660194175,0.2603883495145631,83.79100970873787,0.0,0.5566922330097087,0.0,0.0,0.2291,0.119898
REP00214,460,0.7760869565217391,0.5347826086956522,0.29130434782608694,0.20869565217391303,0.17391304347826086,0.16956521739130434,0.0752902909473136,0.016770186335403725,0.10089760869565217,0.27065217391304347,83.94965217391304,0.0,0.5044880434782609,0.0,0.0,0.2413,0.123249
REP00045,484,0.7830578512396694,0.5578512396694215,0.29958677685950413,0.16942148760330578,0.1756198347107438,0.14669421487603307,0.07443596415510889,0.017709563164108617,0.11284247933884298,0.24648760330578512,84.04487603305785,0.0,0.5642123966942149,0.0,0.0,0.2252,0.131926
REP00101,464,0.7931034482758621,0.5646551724137931,0.29310344827586204,0.20474137931034483,0.16810344827586207,0.15517241379310345,0.07636621893670664,0.01416256157635468,0.10119568965517241,0.2560344827586207,84.22314655172414,0.0,0.505978448275862,0.0,0.0,0.2284,0.13587
REP00060,486,0.7839506172839507,0.5699588477366255,0.2839506172839506,0.17901234567901234,0.15432098765432098,0.17078189300411523,0.07980079209767822,0.01763668430335097,0.116439670781893,0.248559670781893,84.23467078189302,0.0,0.582198353909465,0.0,0.0,0.214,0.115486
REP00112,485,0.7876288659793814,0.5484536082474227,0.2948453608247423,0.15876288659793814,0.1711340206185567,0.19381443298969073,0.07341796036508211,0.013549337260677466,0.08780000000000002,0.2572164948453608,84.4282474226804,0.0,0.43900000000000006,0.0,0.0,0.2392,0.136126
REP00011,506,0.7924901185770751,0.5573122529644269,0.30039525691699603,0.17984189723320157,0.1541501976284585,0.16600790513833993,0.08025692518468161,0.015527950310559006,0.0733604347826087,0.25138339920948616,84.44628458498023,0.0,0.3668021739130435,0.0,0.0,0.2352,0.119701
REP00073,470,0.7808510638297872,0.5553191489361702,0.2872340425531915,0.1702127659574468,0.16595744680851063,0.11702127659574468,0.0727668688803521,0.0182370820668693,0.11639255319148936,0.23861702127659573,84.48085106382979,0.0,0.5819627659574469,0.0,0.0,0.2255,0.141689
REP00208,492,0.7723577235772358,0.5487804878048781,0.29471544715447157,0.19715447154471544,0.17479674796747968,0.1443089430894309,0.07104359702986962,0.015098722415795586,0.08152247967479674,0.25680894308943086,84.55014227642276,0.0,0.4076123983739837,0.0,0.0,0.2236,0.142105
REP00098,465,0.7784946236559139,0.5440860215053763,0.28817204301075267,0.16129032258064516,0.18924731182795698,0.13978494623655913,0.07031437221898447,0.0162826420890937,0.08910709677419355,0.24849462365591396,84.7574193548387,0.0,0.44553548387096775,0.0,0.0,0.2344,0.138122
REP00228,445,0.7955056179775281,0.5595505617977528,0.2898876404494382,0.16853932584269662,0.15056179775280898,0.14831460674157304,0.07501858101737105,0.01637239165329053,0.07840000000000001,0.24235955056179773,84.9016404494382,0.0,0.392,0.0,0.0,0.236,0.112994
REP00034,497,0.7565392354124748,0.5593561368209256,0.27364185110663986,0.15090543259557343,0.14285714285714285,0.15090543259557343,0.07230941668273942,0.015521701638401839,0.11768201207243462,0.23661971830985915,84.90474849094568,0.0,0.588410060362173,0.0,0.0,0.1972,0.117021
REP00102,514,0.7568093385214008,0.5525291828793775,0.2587548638132296,0.18093385214007782,0.14591439688715954,0.16342412451361868,0.07148924441889837,0.016397998888271263,0.12273431906614787,0.2512645914396887,84.90710116731518,0.0,0.6136715953307393,0.0,0.0,0.2043,0.105398
REP00225,508,0.7933070866141733,0.5787401574803149,0.281496062992126,0.15748031496062992,0.14763779527559054,0.13976377952755906,0.0715006754878806,0.01687289088863892,0.1081890157480315,0.23070866141732285,84.95785433070867,0.0,0.5409450787401575,0.0,0.0,0.2146,0.119107
REP00004,470,0.8063829787234043,0.5595744680851064,0.3,0.17446808510638298,0.1702127659574468,0.1276595744680851,0.06897937505496014,0.018541033434650453,0.05853702127659574,0.2419148936170213,85.03336170212766,0.0,0.29268510638297873,0.0,0.0,0.2468,0.137203
REP00049,525,0.76,0.5561904761904762,0.2723809523809524,0.1619047619047619,0.15047619047619049,0.17904761904761904,0.08032619645499273,0.019591836734693877,0.07269028571428572,0.24904761904761905,85.12093333333333,0.0,0.3634514285714286,0.0,0.0,0.2038,0.142857
REP00041,478,0.7761506276150628,0.5815899581589958,0.26359832635983266,0.18828451882845187,0.18619246861924685,0.1694560669456067,0.08314521685320521,0.0173341303048416,0.08013778242677824,0.25230125523012553,85.15223849372384,0.0,0.40068891213389124,0.0,0.0,0.1946,0.153639
REP00020,470,0.7659574468085106,0.548936170212766,0.2765957446808511,0.1723404255319149,0.1723404255319149,0.14042553191489363,0.07214222737147775,0.016109422492401215,0.07569148936170213,0.2479787234042553,85.2252340425532,0.0,0.3784574468085106,0.0,0.0,0.217,0.136111
REP00036,470,0.7723404255319148,0.5808510638297872,0.2553191489361702,0.2127659574468085,0.16170212765957448,0.16382978723404254,0.0763882764173975,0.019148936170212766,0.09094595744680853,0.2547872340425532,85.24670212765957,0.0,0.45472978723404256,0.0,0.0,0.1915,0.129477
REP00245,500,0.768,0.552,0.262,0.202,0.18,0.144,0.07876934410068782,0.015714285714285712,0.07661180000000001,0.258,85.25124000000001,0.0,0.383059,0.0,0.0,0.216,0.122396
REP00244,498,0.7811244979919679,0.5602409638554217,0.2791164658634538,0.16666666666666666,0.13855421686746988,0.13855421686746988,0.06394501503925373,0.014916810097532988,0.09535935742971889,0.23734939759036144,85.2674497991968,0.0,0.47679678714859436,0.0,0.0,0.2209,0.125964
REP00148,495,0.7676767676767676,0.5818181818181818,0.2727272727272727,0.16363636363636364,0.14343434343434344,0.16363636363636364,0.07206140470698032,0.013564213564213563,0.09603131313131313,0.23696969696969697,85.28953535353536,0.0,0.48015656565656567,0.0,0.0,0.1859,0.110526
REP00042,494,0.7732793522267206,0.5728744939271255,0.2854251012145749,0.17611336032388664,0.145748987854251,0.1417004048582996,0.07166171706110112,0.016772700983227296,0.0668397975708502,0.2382591093117409,85.32765182186235,0.0,0.334198987854251,0.0,0.0,0.2004,0.115183
REP00035,501,0.7924151696606786,0.5688622754491018,0.2694610778443114,0.17764471057884232,0.16167664670658682,0.1277445109780439,0.07646817763615797,0.01568291987453664,0.08112902195608783,0.23882235528942114,85.42708582834332,0.0,0.40564510978043916,0.0,0.0,0.2236,0.138539
REP00191,456,0.7675438596491229,0.6074561403508771,0.24780701754385964,0.19078947368421054,0.1600877192982456,0.1513157894736842,0.07344785674062755,0.018170426065162906,0.11818504385964913,0.23684210526315788,85.4629605263158,0.0,0.5909252192982456,0.0,0.0,0.1601,0.154286
REP00185,478,0.7866108786610879,0.608786610878661,0.2489539748953975,0.17154811715481172,0.13807531380753138,0.18619246861924685,0.07592141822547757,0.014046622833233711,0.11576225941422595,0.2360878661087866,85.51884937238493,0.0,0.5788112970711298,0.0,0.0,0.1778,0.114362
REP00240,455,0.7670329670329671,0.5626373626373626,0.25054945054945055,0.18681318681318682,0.16703296703296702,0.12747252747252746,0.07602707486320057,0.019152276295133438,0.09102131868131869,0.24417582417582417,85.58406593406593,0.0,0.4551065934065934,0.0,0.0,0.2044,0.123209
REP00018,508,0.7874015748031497,0.5984251968503937,0.27165354330708663,0.16141732283464566,0.13582677165354332,0.1279527559055118,0.0731778761316401,0.02080989876265467,0.08568775590551182,0.22125984251968503,85.61850393700787,0.0,0.42843877952755904,0.0,0.0,0.189,0.115
REP00090,490,0.7489795918367347,0.5795918367346938,0.23469387755102042,0.18571428571428572,0.1469387755102041,0.16326530612244897,0.08051769148740394,0.017784256559766762,0.1093365306122449,0.2446938775510204,85.63277551020408,0.0,0.5466826530612245,0.0,0.0,0.1694,0.111717
REP00220,465,0.8043010752688172,0.6279569892473118,0.2537634408602151,0.16989247311827957,0.15053763440860216,0.16774193548387098,0.0820777865529628,0.01597542242703533,0.09995225806451613,0.22709677419354837,85.6536129032258,0.0,0.4997612903225806,0.0,0.0,0.1763,0.112299
REP00174,491,0.7922606924643585,0.6028513238289206,0.2525458248472505,0.1710794297352342,0.14867617107942974,0.1364562118126273,0.07363596988773996,0.016002327611288916,0.11208403258655805,0.22688391038696537,85.67484725050916,0.0,0.5604201629327903,0.0,0.0,0.1894,0.115681
REP00243,466,0.7532188841201717,0.5901287553648069,0.24892703862660945,0.18669527896995708,0.13733905579399142,0.17167381974248927,0.07708101521834895,0.01624770079705702,0.08911742489270386,0.24248927038626608,85.72358369098713,0.0,0.4455871244635193,0.0,0.0,0.1631,0.116809
REP00169,500,0.768,0.58,0.256,0.15,0.116,0.14,0.07289022053146607,0.01657142857142857,0.1064042,0.22340000000000002,85.74683999999999,0.0,0.532021,0.0,0.0,0.188,0.091146
REP00047,512,0.744140625,0.56640625,0.25390625,0.166015625,0.1640625,0.15234375,0.07706417062441295,0.01729910714285714,0.07350261718750001,0.242578125,85.81109375,0.0,0.3675130859375,0.0,0.0,0.1777,0.11811
REP00156,503,0.7833001988071571,0.6242544731610338,0.24055666003976142,0.147117296222664,0.14910536779324055,0.15904572564612326,0.07687901113939209,0.017892644135188866,0.12487721669980119,0.21898608349900595,85.83777335984095,0.0,0.6243860834990059,0.0,0.0,0.159,0.124365
REP00126,516,0.7189922480620154,0.5426356589147286,0.24224806201550386,0.187984496124031,0.16085271317829458,0.15310077519379844,0.07783081708316901,0.01882613510520487,0.06704794573643412,0.2560077519379845,85.88517441860465,0.0,0.33523972868217056,0.0,0.0,0.1764,0.113208
REP00234,481,0.7733887733887734,0.6278586278586279,0.23700623700623702,0.2182952182952183,0.13721413721413722,0.16424116424116425,0.07459520281122775,0.016038016038016037,0.10132540540540541,0.23877338877338877,85.9666943866944,0.0,0.506627027027027,0.0,0.0,0.1455,0.110215
REP00129,475,0.7663157894736842,0.5894736842105263,0.25263157894736843,0.18105263157894738,0.12210526315789473,0.14526315789473684,0.07547057144897033,0.01744360902255639,0.07877705263157894,0.23210526315789473,86.00225263157894,0.0,0.3938852631578948,0.0,0.0,0.1768,0.098901
REP00110,485,0.7814432989690722,0.6164948453608248,0.24536082474226803,0.18144329896907216,0.14845360824742268,0.1402061855670103,0.07438917130755282,0.017378497790868926,0.09670907216494845,0.2268041237113402,86.0441030927835,0.0,0.48354536082474225,0.0,0.0,0.1649,0.102902
REP00016,486,0.779835390946502,0.6131687242798354,0.2345679012345679,0.20164609053497942,0.12551440329218108,0.15432098765432098,0.07965570684313521,0.0170487948265726,0.09649567901234568,0.2339506172839506,86.07520576131688,0.0,0.48247839506172846,0.0,0.0,0.1667,0.102902
REP00176,463,0.7365010799136069,0.5485961123110151,0.2548596112311015,0.1771058315334773,0.15550755939524838,0.15334773218142547,0.07934135694897464,0.016044430731255784,0.04274030237580993,0.2502159827213823,86.07565874730021,0.0,0.21370151187904965,0.0,0.0,0.1879,0.11437
REP00025,450,0.7733333333333333,0.6066666666666667,0.23555555555555555,0.1711111111111111,0.13777777777777778,0.17555555555555555,0.0730967884335423,0.017777777777777778,0.10084088888888888,0.2338888888888889,86.1032888888889,0.0,0.5042044444444445,0.0,0.0,0.1667,0.114943
REP00143,546,0.7692307692307693,0.6153846153846154,0.23076923076923078,0.184981684981685,0.15567765567765568,0.15384615384615385,0.07281469876329727,0.015175300889586602,0.11275468864468866,0.2326923076923077,86.12582417582416,0.0,0.5637734432234432,0.0,0.0,0.1538,0.12381
REP00082,506,0.766798418972332,0.6225296442687747,0.22924901185770752,0.21541501976284586,0.13636363636363635,0.15810276679841898,0.0774127878303478,0.017786561264822136,0.0952796837944664,0.23784584980237153,86.17871541501977,0.0,0.476398418972332,0.0,0.0,0.1443,0.115979
REP00037,510,0.7823529411764706,0.6372549019607843,0.23333333333333334,0.1627450980392157,0.14901960784313725,0.18235294117647058,0.07710891221415712,0.01484593837535014,0.1091450980392157,0.22558823529411764,86.17880392156863,0.0,0.5457254901960784,0.0,0.0,0.1451,0.120301
REP00027,477,0.7882599580712788,0.6247379454926625,0.2348008385744235,0.18867924528301888,0.13836477987421383,0.16142557651991615,0.07445647612193408,0.018867924528301886,0.09394851153039832,0.23029350104821802,86.24834381551362,0.0,0.46974255765199163,0.0,0.0,0.1635,0.103723
REP00079,482,0.7842323651452282,0.6182572614107884,0.23443983402489627,0.1887966804979253,0.14315352697095435,0.15767634854771784,0.07378562947571732,0.01985773562537048,0.09176103734439835,0.23205394190871367,86.24865145228216,0.0,0.45880518672199166,0.0,0.0,0.166,0.113757
REP00051,477,0.7735849056603774,0.6205450733752621,0.23689727463312368,0.18238993710691823,0.15513626834381553,0.15932914046121593,0.07115960507545789,0.016471997604073075,0.09592981132075473,0.23165618448637318,86.25303983228511,0.0,0.47964905660377355,0.0,0.0,0.153,0.143631
REP00054,504,0.7698412698412699,0.6428571428571429,0.21428571428571427,0.21428571428571427,0.16468253968253968,0.1765873015873016,0.0703784789489687,0.01984126984126984,0.11734126984126984,0.24027777777777776,86.27267857142857,0.0,0.5867063492063492,0.0,0.0,0.127,0.126289
REP00196,506,0.7707509881422925,0.6225296442687747,0.21739130434782608,0.18181818181818182,0.1383399209486166,0.16798418972332016,0.07608255795053682,0.017221908526256352,0.11740687747035575,0.23053359683794464,86.32733201581027,0.0,0.5870343873517787,0.0,0.0,0.1482,0.112821
REP00127,490,0.8183673469387756,0.610204081632653,0.25510204081632654,0.16326530612244897,0.14081632653061224,0.1326530612244898,0.07203837646389497,0.014577259475218658,0.07582938775510205,0.22020408163265304,86.3485306122449,0.0,0.37914693877551015,0.0,0.0,0.2082,0.124688
REP00097,505,0.7504950495049505,0.6237623762376238,0.21386138613861386,0.19405940594059407,0.15643564356435644,0.17623762376237623,0.07588110502334687,0.016973125884016973,0.11156990099009902,0.2386138613861386,86.35051485148516,0.0,0.5578495049504951,0.0,0.0,0.1267,0.113456
REP00209,479,0.755741127348643,0.6116910229645094,0.21920668058455114,0.19206680584551147,0.14613778705636743,0.1544885177453027,0.07917716931349957,0.01908738443185207,0.099521127348643,0.2346555323590814,86.368496868476,0.0,0.497605636743215,0.0,0.0,0.1441,0.116022
REP00091,499,0.7755511022044088,0.6312625250501002,0.2124248496993988,0.18036072144288579,0.14829659318637275,0.16633266533066132,0.0753410683765869,0.018894932722588034,0.12157010020040081,0.2285571142284569,86.40995991983968,0.0,0.607850501002004,0.0,0.0,0.1443,0.111111
REP00193,499,0.781563126252505,0.6472945891783567,0.22444889779559118,0.1683366733466934,0.15030060120240482,0.15430861723446893,0.06789894193900478,0.01603206412825651,0.13002152304609219,0.21743486973947895,86.41130260521042,0.0,0.6501076152304608,0.0,0.0,0.1343,0.138462
REP00040,469,0.7526652452025586,0.6162046908315565,0.2260127931769723,0.1791044776119403,0.14285714285714285,0.1535181236673774,0.07632419867077739,0.017971367651538228,0.09856089552238807,0.2286780383795309,86.41157782515991,0.0,0.4928044776119403,0.0,0.0,0.1365,0.110482
REP00022,514,0.7665369649805448,0.632295719844358,0.22178988326848248,0.17315175097276264,0.14202334630350194,0.14396887159533073,0.07392046281513459,0.01584213451917732,0.1208750972762646,0.21955252918287937,86.4557392996109,0.0,0.604375486381323,0.0,0.0,0.1342,0.121827
REP00013,469,0.7803837953091685,0.6247334754797441,0.2345415778251599,0.17057569296375266,0.1535181236673774,0.13219616204690832,0.07854803619600836,0.01675296984465428,0.09110068230277187,0.21982942430703623,86.46744136460555,0.0,0.45550341151385926,0.0,0.0,0.1557,0.114754
REP00058,491,0.780040733197556,0.6272912423625254,0.22606924643584522,0.17515274949083504,0.15885947046843177,0.13441955193482688,0.07732787237533967,0.018911841722432352,0.101169450101833,0.22179226069246435,86.47022403258656,0.0,0.505847250509165,0.0,0.0,0.1527,0.117493
REP00131,478,0.7907949790794979,0.6317991631799164,0.23430962343096234,0.17364016736401675,0.1297071129707113,0.1694560669456067,0.07401559777767007,0.02092050209205021,0.08436878661087865,0.2243723849372385,86.4905230125523,0.0,0.42184393305439327,0.0,0.0,0.159,0.100529
REP00133,463,0.7580993520518359,0.6133909287257019,0.2267818574514039,0.19654427645788336,0.15982721382289417,0.15334773218142547,0.07910480069532376,0.016044430731255784,0.07879766738660907,0.2372570194384449,86.50019438444926,0.0,0.39398833693304536,0.0,0.0,0.1447,0.128205
REP00024,459,0.7690631808278867,0.6187363834422658,0.23529411764705882,0.1503267973856209,0.18082788671023964,0.1655773420479303,0.08298585889011433,0.017429193899782137,0.06943877995642703,0.22799564270152503,86.5080174291939,0.0,0.347193899782135,0.0,0.0,0.1503,0.147309
REP00015,485,0.7463917525773196,0.6164948453608248,0.22061855670103092,0.16082474226804125,0.15257731958762888,0.16082474226804125,0.0782806914396397,0.016200294550810013,0.09984391752577321,0.22639175257731958,86.56942268041237,0.0,0.49921958762886604,0.0,0.0,0.1299,0.110497
REP00062,466,0.7703862660944206,0.6180257510729614,0.22532188841201717,0.19742489270386265,0.15450643776824036,0.1630901287553648,0.07504656912361761,0.015021459227467811,0.07863742489270387,0.23776824034334762,86.63036480686695,0.0,0.39318712446351933,0.0,0.0,0.1524,0.10585
REP00111,498,0.7871485943775101,0.6345381526104418,0.21686746987951808,0.18072289156626506,0.15863453815261044,0.16666666666666666,0.07079989954672916,0.01950659781985083,0.1010482329317269,0.22931726907630523,86.67024096385542,0.0,0.5052411646586346,0.0,0.0,0.1526,0.122449
REP00170,493,0.768762677484787,0.6288032454361054,0.22515212981744423,0.16835699797160245,0.13793103448275862,0.1845841784989858,0.0765172434920959,0.0156476383656911,0.08437330628803245,0.22870182555780932,86.68821501014199,0.0,0.42186653144016234,0.0,0.0,0.14,0.118734
REP00007,472,0.7648305084745762,0.6334745762711864,0.2097457627118644,0.2033898305084746,0.13983050847457626,0.16101694915254236,0.077064168401213,0.016646489104116223,0.099785,0.23220338983050845,86.74116525423729,0.0,0.498925,0.0,0.0,0.1314,0.119114
REP00189,476,0.792016806722689,0.6239495798319328,0.22268907563025211,0.17016806722689076,0.18907563025210083,0.1407563025210084,0.07255103183963726,0.014405762304921969,0.09251689075630253,0.22741596638655462,86.75731092436976,0.0,0.46258445378151264,0.0,0.0,0.1681,0.143236
REP00088,508,0.765748031496063,0.6377952755905512,0.2125984251968504,0.19094488188976377,0.12401574803149606,0.1437007874015748,0.07081090873419582,0.016029246344206972,0.11760515748031496,0.2204724409448819,86.77466535433071,0.0,0.5880257874015747,0.0,0.0,0.128,0.100257
REP00166,484,0.7851239669421488,0.6446280991735537,0.2128099173553719,0.17148760330578514,0.14256198347107438,0.14669421487603307,0.0741481152941775,0.016233766233766232,0.11471553719008265,0.21611570247933884,86.82911157024793,0.0,0.5735776859504133,0.0,0.0,0.1405,0.110526
REP00217,481,0.7338877338877339,0.6029106029106029,0.21205821205821207,0.19750519750519752,0.12266112266112267,0.16632016632016633,0.07776962820749475,0.017226017226017225,0.07947197505197506,0.23835758835758833,86.83933471933472,0.0,0.39735987525987526,0.0,0.0,0.131,0.093484
REP00248,494,0.7773279352226721,0.6437246963562753,0.20850202429149797,0.15991902834008098,0.145748987854251,0.18016194331983806,0.07125481884160194,0.015905147484094852,0.1177055060728745,0.22176113360323885,86.84331983805667,0.0,0.5885275303643724,0.0,0.0,0.1336,0.114583
REP00122,490,0.763265306122449,0.6204081632653061,0.20816326530612245,0.17959183673469387,0.15714285714285714,0.1510204081632653,0.08061528367150121,0.018658892128279883,0.09230714285714287,0.22908163265306122,86.844,0.0,0.4615357142857142,0.0,0.0,0.1429,0.120321
REP00175,522,0.7471264367816092,0.6168582375478927,0.210727969348659,0.1781609195402299,0.13793103448275862,0.18007662835249041,0.07368607979084096,0.016146688560481664,0.09334528735632185,0.23409961685823755,86.85304597701149,0.0,0.4667264367816092,0.0,0.0,0.1303,0.110256
REP00075,472,0.7711864406779662,0.6483050847457628,0.20127118644067796,0.1885593220338983,0.17796610169491525,0.163135593220339,0.0803797083534543,0.01634382566585956,0.10522944915254238,0.2295550847457627,86.86440677966101,0.0,0.5261472457627119,0.0,0.0,0.1229,0.153846
REP00019,501,0.7405189620758483,0.626746506986028,0.20359281437125748,0.1656686626746507,0.13972055888223553,0.1936127744510978,0.075545833773246,0.016253207869974334,0.10578570858283433,0.2310379241516966,86.86662674650698,0.0,0.5289285429141717,0.0,0.0,0.1138,0.09973
REP00172,481,0.7588357588357588,0.6299376299376299,0.20582120582120583,0.15592515592515593,0.15176715176715178,0.17671517671517672,0.07463576936082145,0.011880011880011879,0.11742515592515593,0.22474012474012472,86.86798336798337,0.0,0.5871257796257796,0.0,0.0,0.1289,0.117808
REP00155,476,0.7626050420168067,0.6449579831932774,0.19957983193277312,0.19117647058823528,0.14915966386554622,0.1722689075630252,0.07166457178832912,0.01680672268907563,0.11891268907563025,0.22930672268907562,86.87111344537816,0.0,0.5945634453781512,0.0,0.0,0.1176,0.104683
REP00032,542,0.7472324723247232,0.6236162361623616,0.21217712177121772,0.17158671586715868,0.13837638376383765,0.16420664206642066,0.07339116979560668,0.018186610437532943,0.09666328413284132,0.22619926199261992,86.89020295202951,0.0,0.4833164206642066,0.0,0.0,0.1236,0.11358
REP00069,505,0.7465346534653465,0.6277227722772277,0.21386138613861386,0.18811881188118812,0.15445544554455445,0.1504950495049505,0.07758309043862188,0.016124469589816122,0.08567287128712872,0.2289108910891089,86.916,0.0,0.4283643564356436,0.0,0.0,0.1188,0.122016
REP00204,468,0.7585470085470085,0.6410256410256411,0.21153846153846154,0.18162393162393162,0.14316239316239315,0.13675213675213677,0.0761894098106545,0.01862026862026862,0.10123358974358976,0.21784188034188035,86.93989316239316,0.0,0.5061679487179488,0.0,0.0,0.1175,0.11831
REP00233,484,0.7644628099173554,0.6508264462809917,0.20867768595041322,0.1756198347107438,0.16115702479338842,0.1487603305785124,0.07775454045639184,0.018004722550177096,0.10247528925619835,0.21880165289256195,86.95456611570248,0.0,0.5123764462809918,0.0,0.0,0.1136,0.127027
REP00074,514,0.7684824902723736,0.6245136186770428,0.2178988326848249,0.1867704280155642,0.14396887159533073,0.14591439688715954,0.08104808912408429,0.018065591995553083,0.07092023346303503,0.2267509727626459,86.9712840466926,0.0,0.35460116731517505,0.0,0.0,0.144,0.121519
REP00199,477,0.8029350104821803,0.6457023060796646,0.20545073375262055,0.16981132075471697,0.1111111111111111,0.1488469601677149,0.0739999355739721,0.021263851452530697,0.1170182389937107,0.2111111111111111,86.98083857442349,0.0,0.5850911949685536,0.0,0.0,0.1572,0.096606
REP00192,487,0.7597535934291582,0.6201232032854209,0.22381930184804927,0.1806981519507187,0.13347022587268995,0.1273100616016427,0.07214190152946309,0.02053388090349076,0.077331704312115,0.22002053388090348,86.99061601642711,0.0,0.3866585215605749,0.0,0.0,0.1396,0.108108
REP00108,523,0.7609942638623327,0.6367112810707457,0.20650095602294455,0.21414913957934992,0.14149139579349904,0.14340344168260039,0.07144900902138109,0.02075935536738596,0.09243732313575526,0.23030592734225622,87.00089866156787,0.0,0.4621866156787763,0.0,0.0,0.1243,0.120603
REP00044,446,0.7645739910313901,0.6278026905829597,0.2085201793721973,0.1591928251121076,0.13901345291479822,0.16367713004484305,0.07597838642920145,0.020499679692504803,0.09469515695067264,0.2211883408071749,87.01307174887893,0.0,0.4734757847533632,0.0,0.0,0.1368,0.111437
REP00151,556,0.8093525179856115,0.6780575539568345,0.20323741007194246,0.210431654676259,0.15827338129496402,0.14928057553956833,0.07377851172030092,0.02055498458376156,0.10616597122302159,0.22077338129496402,87.02428057553956,0.0,0.5308298561151079,0.0,0.0,0.1313,0.131111
REP00130,471,0.7813163481953291,0.6284501061571125,0.2229299363057325,0.1464968152866242,0.14225053078556263,0.14437367303609341,0.07848412061727539,0.018804974218986956,0.07986297239915074,0.21284501061571126,87.02607218683652,0.0,0.3993148619957537,0.0,0.0,0.1529,0.11413
REP00221,496,0.7943548387096774,0.6209677419354839,0.22983870967741934,0.17943548387096775,0.14516129032258066,0.14112903225806453,0.07047923044288255,0.016129032258064516,0.06657899193548387,0.22459677419354837,87.03135080645161,0.0,0.3328949596774194,0.0,0.0,0.1734,0.111675
REP00125,486,0.7592592592592593,0.6275720164609053,0.20164609053497942,0.1831275720164609,0.13786008230452676,0.1646090534979424,0.07565272903620845,0.01675485008818342,0.10036218106995885,0.22849794238683127,87.03522633744856,0.0,0.5018109053497942,0.0,0.0,0.1317,0.111111
REP00149,475,0.728421052631579,0.6189473684210526,0.18947368421052632,0.20842105263157895,0.16421052631578947,0.16842105263157894,0.0707824300395822,0.014736842105263158,0.10900294736842106,0.24357894736842106,87.04595789473684,0.0,0.5450147368421052,0.0,0.0,0.1095,0.124277
REP00227,507,0.7337278106508875,0.6173570019723866,0.1992110453648915,0.1794871794871795,0.15384615384615385,0.17159763313609466,0.07897212148928427,0.01465201465201465,0.09380694280078897,0.23461538461538461,87.04798816568048,0.0,0.46903471400394475,0.0,0.0,0.1164,0.112903
REP00066,441,0.7732426303854876,0.6326530612244898,0.1927437641723356,0.19954648526077098,0.1383219954648526,0.1360544217687075,0.07546439401097123,0.01684483317136378,0.1160128344671202,0.2248299319727891,87.09843537414967,0.0,0.5800641723356009,0.0,0.0,0.1406,0.108504
REP00159,498,0.7911646586345381,0.6445783132530121,0.20883534136546184,0.16666666666666666,0.11646586345381527,0.17269076305220885,0.07272074897616572,0.014343086632243257,0.10569385542168676,0.21726907630522088,87.10704819277107,0.0,0.5284692771084337,0.0,0.0,0.1466,0.076142
REP00138,536,0.7667910447761194,0.6529850746268657,0.20149253731343283,0.17723880597014927,0.14365671641791045,0.14925373134328357,0.07942628665866544,0.01812366737739872,0.10536757462686568,0.21613805970149252,87.10860074626865,0.0,0.5268378731343283,0.0,0.0,0.1138,0.116788
REP00223,463,0.7732181425485961,0.6544276457883369,0.20086393088552915,0.17926565874730022,0.14038876889848811,0.16198704103671707,0.07527387005310729,0.01974699166923789,0.10388712742980563,0.21900647948164145,87.13958963282937,0.0,0.5194356371490281,0.0,0.0,0.1188,0.097765
REP00242,464,0.75,0.6487068965517241,0.2025862068965517,0.17456896551724138,0.15517241379310345,0.14870689655172414,0.07114427810751718,0.0187807881773399,0.10819081896551724,0.2182112068965517,87.14976293103447,0.0,0.5409540948275862,0.0,0.0,0.1013,0.12069
REP00202,521,0.746641074856046,0.6314779270633397,0.2092130518234165,0.16122840690978887,0.14395393474088292,0.1785028790786948,0.07842817061623296,0.013984096517685769,0.0830604990403071,0.22514395393474088,87.17268714011516,0.0,0.4153024952015355,0.0,0.0,0.1152,0.102828
REP00120,499,0.7995991983967936,0.6753507014028056,0.1963927855711423,0.156312625250501,0.1523046092184369,0.1963927855711423,0.07814801600617166,0.013741769252791296,0.1162448496993988,0.21623246492985973,87.1839879759519,0.0,0.581224248496994,0.0,0.0,0.1242,0.120301
REP00124,464,0.7780172413793104,0.6551724137931034,0.21767241379310345,0.1896551724137931,0.15086206896551724,0.15948275862068967,0.07389896762679872,0.01169950738916256,0.07943879310344827,0.22284482758620688,87.19756465517241,0.0,0.3971939655172414,0.0,0.0,0.1228,0.130194
REP00201,476,0.7563025210084033,0.6260504201680672,0.19957983193277312,0.19747899159663865,0.13655462184873948,0.14285714285714285,0.07796520998879938,0.01410564225690276,0.09414457983193278,0.22762605042016806,87.20466386554621,0.0,0.47072289915966387,0.0,0.0,0.1303,0.088889
REP00163,482,0.7946058091286307,0.6410788381742739,0.22614107883817428,0.15767634854771784,0.14315352697095435,0.15975103734439833,0.07237605207855495,0.016004742145820983,0.06702232365145229,0.21639004149377591,87.24560165975103,0.0,0.3351116182572614,0.0,0.0,0.1535,0.109661
REP00089,483,0.7494824016563147,0.639751552795031,0.20496894409937888,0.18426501035196688,0.15734989648033126,0.17184265010351968,0.07363059305544992,0.015971606033717833,0.08227971014492755,0.22991718426501034,87.25128364389235,0.0,0.41139855072463766,0.0,0.0,0.1097,0.124309
REP00103,526,0.7509505703422054,0.6425855513307985,0.20342205323193915,0.17490494296577946,0.14638783269961977,0.12737642585551331,0.0751035325473751,0.017653449212384573,0.10045566539923954,0.2134980988593156,87.28243346007604,0.0,0.5022783269961977,0.0,0.0,0.1084,0.111392
REP00147,501,0.780439121756487,0.6766467065868264,0.19760479041916168,0.17165668662674652,0.13572854291417166,0.1497005988023952,0.07612094913763924,0.019389791844881665,0.1158909381237525,0.20628742514970058,87.28566866267465,0.0,0.5794546906187625,0.0,0.0,0.1038,0.112532
REP00086,477,0.7442348008385744,0.6247379454926625,0.20754716981132076,0.16561844863731656,0.1488469601677149,0.15723270440251572,0.07546906940394398,0.016771488469601678,0.07883077568134172,0.2238993710691824,87.30584905660378,0.0,0.39415387840670857,0.0,0.0,0.1195,0.115493
REP00139,501,0.7784431137724551,0.6606786427145709,0.18363273453093812,0.18762475049900199,0.12375249500998003,0.17564870259481039,0.07550509364071026,0.01568291987453664,0.12456095808383233,0.22055888223552894,87.30592814371256,0.0,0.6228047904191616,0.0,0.0,0.1178,0.094872
REP00132,530,0.7754716981132076,0.6471698113207547,0.2018867924528302,0.16981132075471697,0.14150943396226415,0.13018867924528302,0.07376655647860199,0.01509433962264151,0.11031264150943397,0.21056603773584903,87.30964150943396,0.0,0.5515632075471697,0.0,0.0,0.1283,0.119221
REP00107,476,0.7605042016806722,0.6470588235294118,0.18067226890756302,0.1869747899159664,0.14915966386554622,0.15546218487394958,0.07105235956654025,0.015306122448979591,0.1309099579831933,0.22321428571428573,87.32779411764706,0.0,0.6545497899159664,0.0,0.0,0.1134,0.104972
REP00105,478,0.7573221757322176,0.6464435146443515,0.20502092050209206,0.19665271966527198,0.14225941422594143,0.14435146443514643,0.07237340169712192,0.016138673042438732,0.08771075313807532,0.22248953974895397,87.33884937238494,0.0,0.4385537656903766,0.0,0.0,0.1109,0.107735
REP00136,505,0.7603960396039604,0.6475247524752475,0.19207920792079208,0.15643564356435644,0.1485148514851485,0.14653465346534653,0.07586877378474836,0.015558698727015558,0.1167340594059406,0.21158415841584158,87.38665346534654,0.0,0.5836702970297031,0.0,0.0,0.1129,0.122396
REP00211,519,0.7803468208092486,0.6473988439306358,0.20809248554913296,0.15606936416184972,0.12138728323699421,0.15414258188824662,0.06967908631040526,0.017616295072942472,0.09801587668593449,0.20934489402697493,87.39489402697495,0.0,0.49007938342967244,0.0,0.0,0.1329,0.08642
REP00001,494,0.7651821862348178,0.6396761133603239,0.2125506072874494,0.15789473684210525,0.1417004048582996,0.1396761133603239,0.07241645149704601,0.013591671486408326,0.08869797570850202,0.21163967611336032,87.40263157894738,0.0,0.44348987854251015,0.0,0.0,0.1255,0.12963
REP00076,515,0.7844660194174757,0.6330097087378641,0.20194174757281552,0.15922330097087378,0.1533980582524272,0.1650485436893204,0.07185544013636273,0.016920943134535366,0.08817436893203884,0.22213592233009707,87.41073786407767,0.0,0.44087184466019413,0.0,0.0,0.1515,0.111386
REP00216,471,0.7791932059447984,0.6645435244161358,0.20382165605095542,0.18259023354564755,0.1337579617834395,0.13800424628450106,0.07538641459324097,0.018804974218986956,0.09349707006369427,0.20997876857749467,87.41851380042463,0.0,0.4674853503184714,0.0,0.0,0.1146,0.100817
REP00072,457,0.7221006564551422,0.6411378555798687,0.1925601750547046,0.19474835886214442,0.1575492341356674,0.175054704595186,0.07161082393093317,0.019068458893404187,0.08525689277899344,0.23347921225382934,87.42396061269146,0.0,0.4262844638949672,0.0,0.0,0.081,0.124242
REP00181,514,0.7782101167315175,0.642023346303502,0.21206225680933852,0.16926070038910507,0.1245136186770428,0.1556420233463035,0.07421241659642078,0.02028904947192885,0.07120284046692607,0.2157587548638132,87.425,0.0,0.3560142023346303,0.0,0.0,0.1362,0.095
REP00067,498,0.7570281124497992,0.6566265060240963,0.20281124497991967,0.18674698795180722,0.14056224899598393,0.1646586345381526,0.0719955058255609,0.01290877796901893,0.09188048192771085,0.221285140562249,87.42779116465864,0.0,0.4594024096385542,0.0,0.0,0.1004,0.114058
REP00028,472,0.75,0.6419491525423728,0.19915254237288135,0.20127118644067796,0.125,0.1461864406779661,0.07758825875244689,0.01725181598062954,0.08195182203389831,0.22309322033898304,87.43334745762712,0.0,0.4097591101694915,0.0,0.0,0.1081,0.107345
REP00236,488,0.7622950819672131,0.6516393442622951,0.18442622950819673,0.16188524590163936,0.1598360655737705,0.14344262295081966,0.0764687494760883,0.015807962529274,0.12273081967213115,0.21290983606557376,87.44452868852458,0.0,0.6136540983606558,0.0,0.0,0.1107,0.123656
REP00006,487,0.8028747433264887,0.6447638603696099,0.21765913757700206,0.15605749486652978,0.13141683778234087,0.1437371663244353,0.07483701738455761,0.01730712819008507,0.07244156057494867,0.20903490759753593,87.44835728952772,0.0,0.3622078028747433,0.0,0.0,0.1581,0.130435
REP00235,480,0.7854166666666667,0.65625,0.20416666666666666,0.17916666666666667,0.1375,0.15416666666666667,0.07269447365085055,0.014285714285714285,0.09124854166666667,0.21604166666666666,87.46664583333333,0.0,0.4562427083333333,0.0,0.0,0.1292,0.119363
REP00178,472,0.7521186440677966,0.652542372881356,0.19915254237288135,0.15677966101694915,0.1271186440677966,0.1461864406779661,0.07759681631365978,0.01876513317191283,0.09885300847457627,0.20688559322033898,87.47353813559323,0.0,0.4942650423728814,0.0,0.0,0.0996,0.095775
REP00080,489,0.7770961145194274,0.6523517382413088,0.21063394683026584,0.16768916155419222,0.14519427402862986,0.17586912065439672,0.07918680174940063,0.016359918200409,0.06266605316973416,0.22034764826175868,87.47635991820042,0.0,0.31333026584867074,0.0,0.0,0.1247,0.115789
REP00161,498,0.7811244979919679,0.6325301204819277,0.21686746987951808,0.13253012048192772,0.14457831325301204,0.15261044176706828,0.07021385653096669,0.014343086632243257,0.0805562248995984,0.20983935742971888,87.48204819277107,0.0,0.4027811244979919,0.0,0.0,0.1486,0.120823
REP00180,491,0.7393075356415478,0.6496945010183299,0.17922606924643583,0.17311608961303462,0.1446028513238289,0.17515274949083504,0.078579015846198,0.018911841722432352,0.10789780040733198,0.2225050916496945,87.50112016293279,0.0,0.5394890020366598,0.0,0.0,0.0896,0.115702
REP00026,498,0.7871485943775101,0.6546184738955824,0.19477911646586346,0.19076305220883535,0.12650602409638553,0.15461847389558234,0.07510091652998155,0.016351118760757313,0.09508883534136547,0.21847389558232932,87.50554216867471,0.0,0.4754441767068273,0.0,0.0,0.1325,0.096939
REP00117,541,0.7523105360443623,0.6524953789279113,0.20147874306839186,0.17005545286506468,0.1367837338262477,0.16820702402957485,0.07490126854645054,0.013203063110641669,0.08921142329020333,0.2178373382624769,87.50600739371534,0.0,0.4460571164510166,0.0,0.0,0.0998,0.115479
REP00096,484,0.7665289256198347,0.6384297520661157,0.20041322314049587,0.17355371900826447,0.14256198347107438,0.16322314049586778,0.07555828022403255,0.017709563164108617,0.07713892561983471,0.22272727272727272,87.5129958677686,0.0,0.38569462809917354,0.0,0.0,0.1281,0.105121
REP00059,543,0.7550644567219152,0.6335174953959485,0.1878453038674033,0.1841620626151013,0.16758747697974216,0.16206261510128914,0.07650469639580876,0.01420678768745067,0.08990139963167589,0.23084714548802945,87.52430939226518,0.0,0.44950699815837936,0.0,0.0,0.1215,0.134146
REP00164,501,0.7544910179640718,0.6127744510978044,0.2215568862275449,0.14171656686626746,0.10778443113772455,0.13373253493013973,0.06887811258987565,0.017678927858568574,0.06930570858283433,0.20828343313373252,87.52479041916168,0.0,0.3465285429141716,0.0,0.0,0.1417,0.068783
REP00212,514,0.7762645914396887,0.6400778210116731,0.21011673151750973,0.1614785992217899,0.13618677042801555,0.1556420233463035,0.07579008917281116,0.01612006670372429,0.07030178988326849,0.2157587548638132,87.53908560311284,0.0,0.3515089494163424,0.0,0.0,0.1362,0.12782
REP00219,479,0.7703549060542797,0.6471816283924844,0.21294363256784968,0.16075156576200417,0.15031315240083507,0.1419624217118998,0.07386943625841197,0.018192663286609005,0.06973665970772443,0.21210855949895616,87.54693110647182,0.0,0.3486832985386221,0.0,0.0,0.1232,0.138211
REP00071,549,0.7632058287795993,0.6666666666666666,0.1894353369763206,0.18579234972677597,0.15664845173041894,0.16757741347905283,0.07153244426132445,0.01639344262295082,0.10235734061930783,0.22112932604735883,87.54735883424408,0.0,0.5117867030965392,0.0,0.0,0.0965,0.116945
REP00084,450,0.8066666666666666,0.6733333333333333,0.20222222222222222,0.18,0.12666666666666668,0.16444444444444445,0.07304759736017168,0.022222222222222223,0.08249733333333334,0.2121111111111111,87.55937777777778,0.0,0.41248666666666667,0.0,0.0,0.1333,0.104683
REP00197,498,0.7550200803212851,0.6445783132530121,0.20883534136546184,0.15863453815261044,0.11646586345381527,0.15261044176706828,0.08027781153461719,0.013482501434308661,0.07646534136546185,0.20983935742971888,87.56030120481927,0.0,0.3823267068273093,0.0,0.0,0.1104,0.087766
REP00168,457,0.7636761487964989,0.6433260393873085,0.212253829321663,0.15536105032822758,0.1422319474835886,0.1422319474835886,0.07434985876771422,0.01688027508596436,0.07295772428884027,0.21050328227571116,87.5645295404814,0.0,0.3647886214442013,0.0,0.0,0.1204,0.126074
REP00183,486,0.757201646090535,0.6337448559670782,0.18106995884773663,0.18518518518518517,0.1337448559670782,0.15637860082304528,0.07400373482910738,0.02175191064079953,0.10009728395061729,0.22458847736625512,87.56495884773662,0.0,0.5004864197530864,0.0,0.0,0.1235,0.100543
REP00043,504,0.7876984126984127,0.6408730158730159,0.21825396825396826,0.1765873015873016,0.12698412698412698,0.1130952380952381,0.07389065025621236,0.016156462585034014,0.06779277777777779,0.20803571428571427,87.56507936507937,0.0,0.3389638888888889,0.0,0.0,0.1468,0.108312
REP00065,526,0.7509505703422054,0.623574144486692,0.1958174904942966,0.16920152091254753,0.1520912547528517,0.1444866920152091,0.07660794257578671,0.018739815317762084,0.07864250950570342,0.2226235741444867,87.56558935361217,0.0,0.39321254752851714,0.0,0.0,0.1274,0.108861
REP00134,497,0.7605633802816901,0.6599597585513078,0.16700201207243462,0.23340040241448692,0.15492957746478872,0.14688128772635814,0.07160888787017977,0.01638401839609083,0.12390430583501007,0.23199195171026157,87.5667203219316,0.0,0.6195215291750503,0.0,0.0,0.1006,0.116402
REP00021,463,0.7645788336933045,0.6457883369330454,0.19870410367170627,0.1771058315334773,0.14038876889848811,0.13822894168466524,0.07044475947649101,0.01511879049676026,0.09663032397408207,0.2150107991360691,87.57127429805615,0.0,0.4831516198704104,0.0,0.0,0.1188,0.110169
REP00061,462,0.7792207792207793,0.6406926406926406,0.21212121212121213,0.15584415584415584,0.12337662337662338,0.15800865800865802,0.07468548777694849,0.01422387136672851,0.07235415584415586,0.21255411255411255,87.58244588744589,0.0,0.3617707792207792,0.0,0.0,0.1385,0.097222
REP00052,470,0.774468085106383,0.6468085106382979,0.19574468085106383,0.17446808510638298,0.14042553191489363,0.15531914893617021,0.07662352608364247,0.017325227963525834,0.08487106382978724,0.21819148936170213,87.59029787234043,0.0,0.42435531914893615,0.0,0.0,0.1277,0.10989
REP00109,519,0.7687861271676301,0.6628131021194605,0.19845857418111754,0.17533718689788053,0.14065510597302505,0.15028901734104047,0.07498858788979319,0.014313239746765757,0.09377059730250482,0.21242774566473988,87.59774566473989,0.0,0.4688529865125241,0.0,0.0,0.106,0.117794
REP00055,473,0.7547568710359408,0.6405919661733616,0.19661733615221988,0.1945031712473573,0.15010570824524314,0.1522198731501057,0.07573228736185063,0.0160072485653881,0.07381957716701903,0.22674418604651161,87.60780126849893,0.0,0.3690978858350952,0.0,0.0,0.1142,0.128852
REP00229,511,0.761252446183953,0.6555772994129159,0.18786692759295498,0.1898238747553816,0.1350293542074364,0.1506849315068493,0.07444490651907985,0.01789208834218619,0.09891804305283758,0.2181996086105675,87.60888454011742,0.0,0.49459021526418784,0.0,0.0,0.1057,0.11054
REP00167,534,0.7734082397003745,0.653558052434457,0.21722846441947566,0.15355805243445692,0.14232209737827714,0.14606741573033707,0.06632502180487329,0.01364365971107544,0.07919232209737827,0.20786516853932585,87.62468164794008,0.0,0.3959616104868914,0.0,0.0,0.1199,0.108959
REP00210,526,0.7604562737642585,0.6368821292775665,0.20152091254752852,0.16730038022813687,0.12357414448669202,0.1520912547528517,0.07468790717475234,0.016023900054318307,0.0800787072243346,0.21568441064638783,87.63273764258555,0.0,0.40039353612167294,0.0,0.0,0.1236,0.105
REP00046,476,0.7815126050420168,0.6764705882352942,0.17857142857142858,0.18067226890756302,0.16596638655462184,0.16596638655462184,0.07178192913095958,0.01680672268907563,0.11788470588235295,0.2176470588235294,87.64273109243697,0.0,0.5894235294117648,0.0,0.0,0.105,0.126344
REP00121,482,0.7863070539419087,0.6556016597510373,0.2033195020746888,0.16390041493775934,0.11618257261410789,0.16182572614107885,0.07579955254200148,0.014522821576763486,0.08350286307053943,0.2103734439834025,87.6504979253112,0.0,0.41751431535269706,0.0,0.0,0.1307,0.092348
REP00165,494,0.7408906882591093,0.6336032388663968,0.19838056680161945,0.1417004048582996,0.1214574898785425,0.13157894736842105,0.08068966728076181,0.017061885482938115,0.09083663967611336,0.2035425101214575,87.6522064777328,0.0,0.4541831983805668,0.0,0.0,0.1073,0.090164
REP00119,470,0.7531914893617021,0.6425531914893617,0.1829787234042553,0.18085106382978725,0.16382978723404254,0.15106382978723404,0.0776865628402532,0.016717325227963525,0.09303404255319149,0.22382978723404257,87.6651914893617,0.0,0.46517021276595744,0.0,0.0,0.1106,0.110169
REP00249,473,0.7864693446088795,0.6448202959830867,0.2029598308668076,0.17547568710359407,0.12684989429175475,0.1416490486257928,0.06895873154369238,0.016913319238900635,0.08441771670190275,0.21363636363636362,87.66945031712474,0.0,0.4220885835095137,0.0,0.0,0.1416,0.102151
REP00137,509,0.7917485265225933,0.6444007858546169,0.21414538310412573,0.16699410609037327,0.14145383104125736,0.14538310412573674,0.07067698928358243,0.015717092337917484,0.063035442043222,0.2143418467583497,87.68620825147347,0.0,0.31517721021611,0.0,0.0,0.1473,0.109181
REP00092,530,0.7735849056603774,0.6509433962264151,0.2037735849056604,0.19245283018867926,0.1471698113207547,0.1339622641509434,0.0736298630501439,0.017789757412398924,0.06705943396226414,0.2180188679245283,87.71088679245283,0.0,0.3352971698113208,0.0,0.0,0.1226,0.109756
REP00106,489,0.7648261758691206,0.6605316973415133,0.18813905930470348,0.15950920245398773,0.15337423312883436,0.14314928425357873,0.07738145976798748,0.018112766579024244,0.09941280163599182,0.20848670756646218,87.72568507157465,0.0,0.4970640081799591,0.0,0.0,0.1043,0.109626
REP00158,474,0.7763713080168776,0.6434599156118144,0.20675105485232068,0.16877637130801687,0.12869198312236288,0.14135021097046413,0.07603531807315479,0.019590114526823386,0.06265654008438819,0.2122362869198312,87.73405063291139,0.0,0.31328270042194095,0.0,0.0,0.1329,0.095109
REP00057,508,0.7854330708661418,0.6633858267716536,0.19488188976377951,0.1673228346456693,0.14763779527559054,0.15551181102362205,0.07638773056379834,0.014060742407199098,0.0892128346456693,0.21220472440944882,87.73655511811023,0.0,0.4460641732283464,0.0,0.0,0.122,0.12782
REP00039,468,0.7670940170940171,0.6623931623931624,0.19230769230769232,0.1581196581196581,0.1346153846153846,0.16025641025641027,0.07038487024549148,0.020451770451770452,0.09704213675213676,0.20897435897435898,87.74032051282052,0.0,0.48521068376068377,0.0,0.0,0.1047,0.100279
REP00056,486,0.7592592592592593,0.6522633744855967,0.18724279835390947,0.17078189300411523,0.11934156378600823,0.1440329218106996,0.07090036293824065,0.02204585537918871,0.10004292181069958,0.20946502057613167,87.77041152263374,0.0,0.500214609053498,0.0,0.0,0.107,0.097561
REP00002,505,0.7425742574257426,0.6534653465346535,0.18415841584158416,0.18415841584158416,0.13861386138613863,0.1702970297029703,0.06687208234614166,0.015275813295615275,0.10163544554455446,0.22257425742574258,87.77714851485149,0.0,0.5081772277227723,0.0,0.0,0.0891,0.082667
REP00113,460,0.7978260869565217,0.658695652173913,0.20217391304347826,0.16521739130434782,0.14130434782608695,0.14130434782608695,0.07154749551895023,0.015217391304347827,0.08376021739130436,0.20847826086956522,87.78428260869565,0.0,0.41880108695652174,0.0,0.0,0.1391,0.106267
REP00179,507,0.7613412228796844,0.6410256410256411,0.20710059171597633,0.17357001972386588,0.15976331360946747,0.1242603550295858,0.07094563674584596,0.01465201465201465,0.06858820512820513,0.214792899408284,87.78595660749508,0.0,0.3429410256410257,0.0,0.0,0.1203,0.15285
REP00177,487,0.7720739219712526,0.6694045174537988,0.19507186858316222,0.17864476386036962,0.13347022587268995,0.15195071868583163,0.07572523987505247,0.017013787034320913,0.08355786447638604,0.21078028747433264,87.7993839835729,0.0,0.4177893223819302,0.0,0.0,0.1027,0.111702
REP00085,479,0.7891440501043842,0.6722338204592901,0.18580375782881003,0.162839248434238,0.17536534446764093,0.14613778705636743,0.07058190536962772,0.020280345958842826,0.10181235908141963,0.21002087682672232,87.8098956158664,0.0,0.5090617954070981,0.0,0.0,0.1169,0.132275
REP00171,495,0.7777777777777778,0.6606060606060606,0.19595959595959597,0.1797979797979798,0.12121212121212122,0.1414141414141414,0.07608998758908816,0.015873015873015872,0.08404080808080808,0.20929292929292928,87.81525252525253,0.0,0.4202040404040404,0.0,0.0,0.1172,0.096104
REP00077,498,0.8092369477911646,0.6807228915662651,0.19076305220883535,0.19477911646586346,0.13453815261044177,0.12048192771084337,0.07472170577995385,0.014629948364888123,0.10253995983935743,0.2045180722891566,87.81558232931728,0.0,0.5126997991967871,0.0,0.0,0.1285,0.104218
REP00239,476,0.7331932773109243,0.6533613445378151,0.1869747899159664,0.17647058823529413,0.1323529411764706,0.13445378151260504,0.07382673009938467,0.023709483793517405,0.08891512605042017,0.21039915966386552,87.83315126050421,0.0,0.44457563025210084,0.0,0.0,0.0798,0.08596
REP00184,516,0.7790697674418605,0.6472868217054264,0.19767441860465115,0.17829457364341086,0.1434108527131783,0.15503875968992248,0.07302508013718505,0.018272425249169437,0.06659461240310077,0.2195736434108527,87.84187984496123,0.0,0.33297306201550386,0.0,0.0,0.1318,0.104478
REP00064,491,0.7841140529531568,0.6680244399185336,0.18737270875763748,0.17922606924643583,0.18126272912423624,0.17311608961303462,0.07310013548465075,0.016875181844631944,0.07803234215885949,0.22382892057026474,87.86896130346233,0.0,0.3901617107942973,0.0,0.0,0.1161,0.158442
REP00116,477,0.7442348008385744,0.6477987421383647,0.1970649895178197,0.14675052410901468,0.12578616352201258,0.15723270440251572,0.07258091934566276,0.014675052410901468,0.08650209643605872,0.20786163522012577,87.87358490566037,0.0,0.4325104821802935,0.0,0.0,0.0964,0.104225
REP00187,475,0.7684210526315789,0.6652631578947369,0.16842105263157894,0.1957894736842105,0.1368421052631579,0.17473684210526316,0.07496599163397114,0.019548872180451125,0.10359852631578949,0.22336842105263158,87.87787368421053,0.0,0.5179926315789474,0.0,0.0,0.1032,0.10411
REP00009,498,0.785140562248996,0.6726907630522089,0.19076305220883535,0.1706827309236948,0.12449799196787148,0.15060240963855423,0.07127828375150849,0.016351118760757313,0.09887722891566265,0.20572289156626505,87.88072289156626,0.0,0.4943861445783133,0.0,0.0,0.1124,0.104859
REP00238,490,0.8081632653061225,0.6714285714285714,0.19591836734693877,0.16938775510204082,0.14081632653061224,0.14081632653061224,0.07526057172275867,0.013702623906705538,0.08835693877551022,0.2057142857142857,87.88320408163264,0.0,0.441784693877551,0.0,0.0,0.1367,0.111111
REP00081,486,0.7736625514403292,0.6604938271604939,0.1831275720164609,0.18930041152263374,0.12345679012345678,0.14609053497942387,0.07181074286659789,0.018224573780129334,0.09453543209876543,0.21368312757201646,87.92948559670782,0.0,0.47267716049382713,0.0,0.0,0.1132,0.085106
REP00162,514,0.7334630350194552,0.6439688715953308,0.18482490272373542,0.16926070038910507,0.1575875486381323,0.13424124513618677,0.07899831564169726,0.01612006670372429,0.08134918287937744,0.21478599221789882,87.96110894941634,0.0,0.4067459143968871,0.0,0.0,0.0895,0.111406
REP00203,529,0.7561436672967864,0.6559546313799622,0.1890359168241966,0.17958412098298676,0.166351606805293,0.1323251417769376,0.07031844450222374,0.01566297596543343,0.08588449905482043,0.21512287334593572,87.96374291115312,0.0,0.4294224952741021,0.0,0.0,0.1002,0.1275
REP00029,514,0.745136186770428,0.6498054474708171,0.18482490272373542,0.20428015564202334,0.14980544747081712,0.15369649805447472,0.07518125630917565,0.016675931072818232,0.06870354085603113,0.2272373540856031,87.96688715953309,0.0,0.3435177042801556,0.0,0.0,0.0953,0.104439
REP00063,503,0.7733598409542743,0.6500994035785288,0.19284294234592445,0.17693836978131214,0.14512922465208747,0.15308151093439365,0.07497618202044803,0.016756603237716557,0.06689359840954275,0.21809145129224652,87.97936381709742,0.0,0.33446799204771366,0.0,0.0,0.1233,0.095116
REP00215,510,0.7490196078431373,0.6392156862745098,0.1784313725490196,0.19607843137254902,0.15098039215686274,0.13725490196078433,0.07523634389954421,0.015966386554621848,0.08321078431372549,0.22401960784313726,87.98668627450981,0.0,0.41605392156862747,0.0,0.0,0.1098,0.10733
REP00048,502,0.7729083665338645,0.6772908366533864,0.18127490039840638,0.1852589641434263,0.1593625498007968,0.13745019920318724,0.07411776160960022,0.013659647125782583,0.10070135458167331,0.2106573705179283,87.98880478087649,0.0,0.5035067729083665,0.0,0.0,0.0956,0.108247
REP00093,499,0.7715430861723447,0.6673346693386774,0.18036072144288579,0.18837675350701402,0.14829659318637275,0.16633266533066132,0.07567525438359125,0.016604637847122815,0.08294913827655312,0.22014028056112223,87.99823647294589,0.0,0.4147456913827655,0.0,0.0,0.1042,0.135065
REP00237,501,0.7784431137724551,0.6666666666666666,0.18962075848303392,0.17165668662674652,0.12375249500998003,0.15568862275449102,0.07353072068249394,0.01568291987453664,0.08635536926147705,0.2089820359281437,88.00031936127745,0.0,0.4317768463073852,0.0,0.0,0.1118,0.092308
REP00182,493,0.77079107505071,0.6612576064908722,0.1926977687626775,0.16835699797160245,0.11764705882352941,0.11967545638945233,0.0727819718157599,0.016516951608229496,0.09330271805273835,0.19969574036511156,88.00296146044624,0.0,0.46651359026369166,0.0,0.0,0.1095,0.073684
REP00160,467,0.7537473233404711,0.6616702355460385,0.16916488222698073,0.19271948608137046,0.15631691648822268,0.14989293361884368,0.07011608629312426,0.0168247170388498,0.10741871520342613,0.2202355460385439,88.01593147751606,0.0,0.5370935760171306,0.0,0.0,0.0921,0.116477
REP00200,490,0.773469387755102,0.6571428571428571,0.1836734693877551,0.17551020408163265,0.14285714285714285,0.1469387755102041,0.07181638384704482,0.013702623906705538,0.09368489795918367,0.2136734693877551,88.01914285714285,0.0,0.46842448979591833,0.0,0.0,0.1163,0.116095
REP00153,480,0.7416666666666667,0.6458333333333334,0.175,0.18958333333333333,0.13333333333333333,0.15625,0.07834134523129936,0.020833333333333332,0.07656500000000001,0.22218749999999998,88.04897916666667,0.0,0.3828250000000001,0.0,0.0,0.0958,0.092697
REP00128,476,0.7457983193277311,0.6890756302521008,0.16596638655462184,0.17857142857142858,0.14915966386554622,0.17647058823529413,0.08049632378744762,0.017707082833133252,0.10323680672268908,0.21334033613445377,88.07134453781512,0.0,0.5161840336134453,0.0,0.0,0.0567,0.135211
REP00010,496,0.7903225806451613,0.6713709677419355,0.19556451612903225,0.1592741935483871,0.12701612903225806,0.1310483870967742,0.0648814186490557,0.016417050691244238,0.09651681451612903,0.19818548387096774,88.07352822580646,0.0,0.4825840725806451,0.0,0.0,0.119,0.104592
REP00195,464,0.7435344827586207,0.646551724137931,0.1939655172413793,0.15948275862068967,0.1336206896551724,0.14439655172413793,0.07495609633334648,0.017241379310344827,0.06856086206896553,0.21002155172413794,88.07810344827585,0.0,0.3428043103448276,0.0,0.0,0.097,0.115942
REP00087,521,0.7658349328214972,0.6717850287907869,0.18809980806142035,0.1727447216890595,0.13051823416506717,0.16122840690978887,0.07323317771143441,0.015629284343295857,0.08166679462571977,0.21017274472168906,88.09188099808063,0.0,0.4083339731285988,0.0,0.0,0.094,0.105263
REP00068,471,0.7643312101910829,0.6709129511677282,0.18259023354564755,0.16985138004246284,0.16348195329087048,0.16772823779193205,0.07845162316367131,0.015771913861085833,0.0756715498938429,0.21613588110403398,88.09286624203821,0.0,0.37835774946921447,0.0,0.0,0.0934,0.122222
REP00033,515,0.7495145631067961,0.6640776699029126,0.170873786407767,0.19029126213592232,0.13009708737864079,0.1436893203883495,0.0738116317419405,0.017753120665742025,0.10235106796116505,0.21330097087378638,88.09553398058252,0.0,0.5117553398058253,0.0,0.0,0.0854,0.095855
REP00095,545,0.7688073394495413,0.6825688073394496,0.1743119266055046,0.1688073394495413,0.13944954128440368,0.1596330275229358,0.07476567509904539,0.01310615989515072,0.10906825688073395,0.206697247706422,88.1145504587156,0.0,0.5453412844036698,0.0,0.0,0.0862,0.105012
REP00154,501,0.7744510978043913,0.6646706586826348,0.18163672654690619,0.1936127744510978,0.16367265469061876,0.15768463073852296,0.06959457680126896,0.0142571998859424,0.07763524950099801,0.22265469061876247,88.16441117764471,0.0,0.38817624750498997,0.0,0.0,0.1098,0.131443
REP00114,510,0.7509803921568627,0.6509803921568628,0.18823529411764706,0.17647058823529413,0.10588235294117647,0.13137254901960785,0.07204797039564116,0.01764705882352941,0.079801568627451,0.20637254901960783,88.17582352941176,0.0,0.3990078431372549,0.0,0.0,0.1,0.078329
REP00008,481,0.7858627858627859,0.6611226611226612,0.18711018711018712,0.17671517671517672,0.1101871101871102,0.13513513513513514,0.07357105503925705,0.015444015444015443,0.08417076923076924,0.20498960498960497,88.1795841995842,0.0,0.42085384615384613,0.0,0.0,0.1247,0.079365
REP00230,490,0.7285714285714285,0.6673469387755102,0.17142857142857143,0.17551020408163265,0.1489795918367347,0.16326530612244897,0.0744986898647301,0.020991253644314867,0.08711428571428571,0.21561224489795916,88.18561224489795,0.0,0.4355714285714286,0.0,0.0,0.0612,0.098039
REP00213,478,0.7866108786610879,0.6757322175732218,0.18828451882845187,0.1589958158995816,0.11715481171548117,0.14644351464435146,0.07798928245533829,0.014345487148834428,0.08492820083682008,0.199163179916318,88.1889330543933,0.0,0.4246410041841004,0.0,0.0,0.1109,0.087766
REP00247,497,0.7907444668008048,0.6780684104627767,0.1891348088531187,0.19517102615694165,0.13279678068410464,0.158953722334004,0.07288518995928142,0.014659384880712847,0.06757746478873239,0.2147887323943662,88.2115291750503,0.0,0.337887323943662,0.0,0.0,0.1127,0.109415
REP00100,510,0.7450980392156863,0.6862745098039216,0.17254901960784313,0.1843137254901961,0.13137254901960785,0.14901960784313725,0.07453924925916863,0.017366946778711482,0.10001196078431374,0.20637254901960783,88.22054901960784,0.0,0.5000598039215687,0.0,0.0,0.0588,0.113158
REP00190,475,0.7431578947368421,0.6652631578947369,0.17473684210526316,0.14947368421052631,0.16421052631578947,0.16,0.07723236108557024,0.01593984962406015,0.08836968421052632,0.20989473684210527,88.24477894736842,0.0,0.44184842105263156,0.0,0.0,0.0779,0.13881
REP00231,522,0.7701149425287356,0.6762452107279694,0.1724137931034483,0.15517241379310345,0.13793103448275862,0.14942528735632185,0.07383774725278956,0.0180623973727422,0.10419685823754789,0.20172413793103447,88.25419540229886,0.0,0.5209842911877395,0.0,0.0,0.0939,0.106965
REP00118,453,0.7461368653421634,0.6622516556291391,0.18101545253863136,0.18763796909492272,0.11037527593818984,0.152317880794702,0.0706358499488707,0.01702932828760643,0.08036048565121413,0.21225165562913906,88.2708830022075,0.0,0.4018024282560706,0.0,0.0,0.0839,0.094675
REP00246,454,0.76431718061674,0.6585903083700441,0.1762114537444934,0.17400881057268722,0.12555066079295155,0.14977973568281938,0.07333559363273176,0.016677155443675266,0.08668911894273129,0.21090308370044053,88.275859030837,0.0,0.43344559471365646,0.0,0.0,0.1057,0.086455
REP00250,490,0.7918367346938775,0.6775510204081633,0.18571428571428572,0.13673469387755102,0.12857142857142856,0.15714285714285714,0.0750884142111909,0.015451895043731777,0.08804061224489797,0.1963265306122449,88.29928571428572,0.0,0.4402030612244898,0.0,0.0,0.1143,0.095361
REP00012,500,0.772,0.666,0.188,0.17,0.132,0.112,0.06960138461529218,0.01657142857142857,0.08304260000000001,0.199,88.35074,0.0,0.415213,0.0,0.0,0.106,0.103627
REP00005,500,0.784,0.666,0.19,0.156,0.122,0.148,0.07852066314517063,0.018,0.06084560000000001,0.20229999999999998,88.36084,0.0,0.30422799999999994,0.0,0.0,0.118,0.086735
REP00003,478,0.7594142259414226,0.6736401673640168,0.16317991631799164,0.17573221757322174,0.13807531380753138,0.17782426778242677,0.07356690154035933,0.01643753735803945,0.09580656903765691,0.21579497907949788,88.3673640167364,0.0,0.47903284518828454,0.0,0.0,0.0858,0.121212
REP00083,495,0.7656565656565657,0.6747474747474748,0.17373737373737375,0.15353535353535352,0.13535353535353536,0.15757575757575756,0.07323885285450099,0.015584415584415583,0.09623111111111111,0.2033333333333333,88.37014141414141,0.0,0.48115555555555556,0.0,0.0,0.0909,0.102902
REP00078,464,0.7758620689655172,0.6702586206896551,0.1724137931034483,0.16163793103448276,0.15086206896551724,0.1788793103448276,0.07595826936156053,0.016933497536945813,0.07505327586206896,0.21476293103448274,88.4109051724138,0.0,0.37526637931034484,0.0,0.0,0.1056,0.130556
REP00030,487,0.75564681724846,0.6694045174537988,0.1806981519507187,0.1704312114989733,0.12320328542094455,0.12320328542094455,0.07692122179030202,0.0158404224112643,0.08064316221765915,0.1995893223819302,88.42581108829569,0.0,0.40321581108829574,0.0,0.0,0.0862,0.086957
REP00050,500,0.798,0.678,0.186,0.184,0.102,0.134,0.07634909619851968,0.015142857142857142,0.071684,0.2006,88.43310000000001,0.0,0.35842,0.0,0.0,0.12,0.080201
REP00142,481,0.7879417879417879,0.6735966735966736,0.17671517671517672,0.17671517671517672,0.11850311850311851,0.15592515592515593,0.07230576258520739,0.01574101574101574,0.08011954261954263,0.20769230769230768,88.46550935550937,0.0,0.4005977130977131,0.0,0.0,0.1143,0.08971
REP00144,466,0.7660944206008584,0.6652360515021459,0.18240343347639484,0.20600858369098712,0.13733905579399142,0.13090128755364808,0.078307629886981,0.016860821581851624,0.05011789699570816,0.21555793991416308,88.47354077253219,0.0,0.2505894849785408,0.0,0.0,0.1009,0.109244
REP00135,530,0.7660377358490567,0.6924528301886792,0.16792452830188678,0.17169811320754716,0.13018867924528302,0.16792452830188678,0.07357383412008306,0.012398921832884097,0.09974320754716981,0.20528301886792452,88.48052830188679,0.0,0.49871603773584905,0.0,0.0,0.0736,0.093596
REP00104,488,0.7704918032786885,0.6639344262295082,0.17418032786885246,0.15778688524590165,0.11475409836065574,0.15778688524590165,0.07225691047698736,0.018442622950819672,0.0823875,0.2048155737704918,88.49948770491804,0.0,0.4119375,0.0,0.0,0.1066,0.082447
REP00094,494,0.7368421052631579,0.6578947368421053,0.1680161943319838,0.15384615384615385,0.1417004048582996,0.12550607287449392,0.07130057568206116,0.016483516483516484,0.09978825910931174,0.201417004048583,88.51862348178138,0.0,0.49894129554655864,0.0,0.0,0.0789,0.101648
REP00099,513,0.7641325536062378,0.7017543859649122,0.16374269005847952,0.19103313840155944,0.12475633528265107,0.1364522417153996,0.07451726811374303,0.015316067947646894,0.10400159844054581,0.1996101364522417,88.55754385964912,0.0,0.520007992202729,0.0,0.0,0.0624,0.104592
REP00222,514,0.7762645914396887,0.6712062256809338,0.17120622568093385,0.16926070038910507,0.14396887159533073,0.12062256809338522,0.07011335073558185,0.018343524180100056,0.08560389105058366,0.20116731517509726,88.64330739299612,0.0,0.4280194552529183,0.0,0.0,0.1051,0.102757
REP00207,484,0.7458677685950413,0.6694214876033058,0.16735537190082644,0.15495867768595042,0.1590909090909091,0.15289256198347106,0.08291589698000865,0.01741440377804014,0.06641363636363637,0.20774793388429752,88.65838842975208,0.0,0.3320681818181818,0.0,0.0,0.0764,0.091413
REP00224,514,0.7782101167315175,0.6712062256809338,0.18093385214007782,0.16342412451361868,0.14007782101167315,0.11284046692607004,0.0692468491846067,0.016675931072818232,0.07681070038910506,0.19688715953307392,88.66836575875486,0.0,0.3840535019455253,0.0,0.0,0.107,0.1075
REP00218,482,0.7780082987551867,0.6846473029045643,0.15975103734439833,0.1970954356846473,0.12448132780082988,0.15145228215767634,0.0708143438337153,0.014226437462951986,0.09528211618257262,0.21026970954356844,88.67066390041494,0.0,0.4764105809128631,0.0,0.0,0.0934,0.096
REP00173,507,0.777120315581854,0.6824457593688363,0.16962524654832348,0.1932938856015779,0.11045364891518737,0.11439842209072978,0.06989648797560565,0.01775147928994083,0.08840019723865877,0.19842209072978303,88.71211045364892,0.0,0.44200098619329387,0.0,0.0,0.0947,0.086294
REP00226,474,0.7573839662447257,0.6835443037974683,0.16455696202531644,0.1729957805907173,0.12236286919831224,0.1308016877637131,0.07633555333117445,0.01717902350813743,0.08935915611814346,0.19789029535864977,88.71755274261604,0.0,0.4467957805907173,0.0,0.0,0.0738,0.100279
REP00194,527,0.7552182163187856,0.6622390891840607,0.16888045540796964,0.17647058823529413,0.14041745730550284,0.14231499051233396,0.07672277295603719,0.015451341827053402,0.06583882352941177,0.21091081593927893,88.72865275142316,0.0,0.3291941176470588,0.0,0.0,0.093,0.105528
REP00205,461,0.7809110629067245,0.6746203904555315,0.175704989154013,0.15184381778741865,0.14099783080260303,0.14533622559652928,0.07215219366822831,0.01580415246358847,0.07355414316702821,0.20065075921908893,88.73195227765727,0.0,0.36777071583514104,0.0,0.0,0.1063,0.111111
REP00206,483,0.7598343685300207,0.6997929606625258,0.15320910973084886,0.17184265010351968,0.12215320910973085,0.16977225672877846,0.06706973933058805,0.01892931085477669,0.11103118012422361,0.20238095238095238,88.73670807453416,0.0,0.5551559006211181,0.0,0.0,0.06,0.100817
REP00188,470,0.7808510638297872,0.674468085106383,0.16170212765957448,0.16382978723404254,0.13404255319148936,0.14893617021276595,0.07075810403869602,0.02066869300911854,0.08693595744680852,0.20414893617021276,88.74185106382978,0.0,0.43467978723404255,0.0,0.0,0.1064,0.089918
REP00152,492,0.758130081300813,0.6646341463414634,0.16869918699186992,0.18699186991869918,0.12195121951219512,0.13008130081300814,0.07026072300252752,0.01451800232288037,0.07708560975609757,0.20752032520325203,88.78020325203252,0.0,0.3854280487804878,0.0,0.0,0.0935,0.096515
REP00014,478,0.7866108786610879,0.694560669456067,0.16527196652719664,0.17364016736401675,0.11506276150627615,0.1506276150627615,0.0733255066033595,0.015540944411237297,0.0871052719665272,0.19864016736401674,88.81156903765691,0.0,0.435526359832636,0.0,0.0,0.0921,0.101064
REP00115,453,0.7373068432671082,0.6754966887417219,0.15673289183222958,0.17439293598233996,0.13024282560706402,0.1545253863134658,0.08149635716534541,0.015767896562598548,0.07537267108167772,0.20783664459161147,88.84918322295806,0.0,0.3768633554083885,0.0,0.0,0.0618,0.092814
REP00123,484,0.7644628099173554,0.6859504132231405,0.16115702479338842,0.16115702479338842,0.13636363636363635,0.15702479338842976,0.06678374735379097,0.014462809917355372,0.0898654132231405,0.20227272727272724,88.95266528925619,0.0,0.4493270661157025,0.0,0.0,0.0785,0.105405
REP00038,485,0.7876288659793814,0.6989690721649484,0.1670103092783505,0.15876288659793814,0.12164948453608247,0.1422680412371134,0.06930417959446322,0.014138438880706922,0.08719072164948453,0.19175257731958764,89.01282474226804,0.0,0.4359536082474227,0.0,0.0,0.0887,0.081152
REP00031,480,0.7770833333333333,0.68125,0.15833333333333333,0.18958333333333333,0.11666666666666667,0.11666666666666667,0.07246154277938795,0.019642857142857142,0.07645854166666667,0.19916666666666666,89.06941666666667,0.0,0.3822927083333333,0.0,0.0,0.0958,0.080429
REP00053,476,0.7563025210084033,0.680672268907563,0.15126050420168066,0.13865546218487396,0.1092436974789916,0.15756302521008403,0.07764312041519852,0.013805522208883553,0.09600848739495799,0.19317226890756303,89.08581932773109,0.0,0.48004243697478993,0.0,0.0,0.0756,0.075
REP00232,463,0.7948164146868251,0.6868250539956804,0.1771058315334773,0.15766738660907129,0.14254859611231102,0.1447084233261339,0.06794491958673451,0.013576056772601049,0.055844233261339096,0.1988120950323974,89.12812095032398,0.0,0.27922116630669547,0.0,0.0,0.108,0.116848
REP00023,508,0.7578740157480315,0.6830708661417323,0.16338582677165353,0.15551181102362205,0.08858267716535433,0.1279527559055118,0.07214722287238014,0.017716535433070866,0.08124062992125984,0.18700787401574803,89.1592716535433,0.0,0.4062031496062992,0.0,0.0,0.0748,0.051948
REP00150,511,0.7945205479452054,0.7084148727984344,0.1643835616438356,0.1643835616438356,0.11154598825831702,0.13894324853228962,0.06861948070778105,0.018171652222532846,0.07797174168297456,0.18825831702544032,89.2199217221135,0.0,0.3898587084148728,0.0,0.0,0.0861,0.08867
REP00186,475,0.7621052631578947,0.7010526315789474,0.14736842105263157,0.17473684210526316,0.13263157894736843,0.14105263157894737,0.06984833033708705,0.014736842105263158,0.08780400000000001,0.19726315789473683,89.36178947368421,0.0,0.43902,0.0,0.0,0.0611,0.099448
REP00146,495,0.7494949494949495,0.694949494949495,0.1494949494949495,0.16161616161616163,0.1414141414141414,0.13333333333333333,0.07207964244130591,0.020202020202020204,0.0748369696969697,0.19454545454545455,89.40337373737374,0.0,0.37418484848484845,0.0,0.0,0.0545,0.097035
REP00017,509,0.787819253438114,0.68762278978389,0.16895874263261296,0.15717092337917485,0.10019646365422397,0.13555992141453832,0.07309104766188122,0.01094583216390682,0.04898106090373281,0.18978388998035362,89.5649115913556,0.0,0.24490530451866402,0.0,0.0,0.1002,0.082294
REP00070,501,0.8063872255489022,0.7125748502994012,0.1656686626746507,0.14770459081836326,0.11976047904191617,0.11976047904191617,0.06739240410118778,0.013401767892785856,0.07328518962075849,0.1784431137724551,89.57419161676647,0.0,0.3664259481037924,0.0,0.0,0.0938,0.106436
REP00241,511,0.7788649706457925,0.7221135029354208,0.14285714285714285,0.15264187866927592,0.12720156555772993,0.14677103718199608,0.06753113238759557,0.0136986301369863,0.0786453228962818,0.18493150684931506,89.92583170254403,0.0,0.39322661448140905,0.0,0.0,0.0568,0.095477
REP00141,516,0.7771317829457365,0.7093023255813954,0.14147286821705427,0.14922480620155038,0.12403100775193798,0.13565891472868216,0.07123861707981473,0.01882613510520487,0.06606220930232559,0.18449612403100776,89.98098837209302,0.0,0.3303110465116279,0.0,0.0,0.0678,0.084788
